  *Classe*Grupo*Fórmula Química*Também conhecido por:*Variedades*Clivagem*Dureza*Fratura*Densidade*Tenacidade*Diafaneidade (transparência)*Traço*Brilho*Cores em que pode ser encontrada:*Hábito (é a forma que um mineral pode assumir, aparência do mineral.)*Onde esse mineral está no cotidiano?*Outras informações relevantes (Solubilidade, Deliquescência, Radioatividade, Sabor, Cheiro, Magnetismo)*Sistema Cristalino*Curiosidades *Doação da amostra*Museu de Minerais, Minérios e Rochas Heinz Ebert*USP Geociências - Seção de Materiais Didáticos*Banco de Dados de Minerais ao Microscópio (UFRGS)*Wikipedia*Outro@Amianto Crisotila*Silicatos.*Filossilicato.*(Mg)₃(Si₂O₅)(OH)₄*Asbesto.*-*Clivagem fibrosa.*2.5*Fibroso.*2,5 g/cm³ a 2,6 g/cm³*Flexível.*Opaco, translúcido.*Branco.*Gorduroso quando maciça, sedoso nas fibras.*Branco, verde claro, amarelo, verde escuro ou cinza.*Fibroso.*Construção civil: placas para isolamento térmico e acústico, juntas e vedantes;  
Indústria automotiva: pastilhas e sapatas de freios e embreagens;  
Indústria metalúrgica: mantas de soldagem e tecidos de isolamento.*Solúvel em ácido clorídrico (HCl).*Hexagonal e monoclínico.*As fibras de asbestos (amianto) podem oferecer riscos à saúde quando inaladas. O amianto é reconhecidamente cancerígeno pela IARC - Agência Internacional de Pesquisa sobre o Câncer, vinculada à Organização Mundial da Saúde. *Frank Heinrich (UFRGS)*https://museuhe.com.br/mineral/crisotilo-chrysotile/*https://didatico.igc.usp.br/minerais/silicatos/filossilicatos/serpentina/*-*https://pt.wikipedia.org/wiki/Cris%C3%B3tilo#:~:text=Cris%C3%B3tilo%20ou%20crisotila%20%C3%A9%20a,ortocris%C3%B3tilo%20(ortorr%C3%B4mbico)*https://cetesb.sp.gov.br/laboratorios/wp-content/uploads/sites/24/2013/11/Amianto_Asbesto.pdf@Apatita*Fosfato.*Grupo da Apatita.*Ca₅(PO₄)₃X₂

X = F, Cl ou OH*-*-*Clivagem fraca (muito difícil de observar).*5*Conchoidal, irregular.*3,15g/cm³*Quebradiço.*Transparente, translúcido.*Branco.*Subresinoso ou vítreo.*Azul, verde, branco, violeta, amarelo, incolor ou castanho.*Prismático, tabulares, granular ou maciço.*Indústria vidreira: utilizado na produção de vidros fosfatos, pois fornece P₂O₅, um componente estrutural;  
Aplicações farmacêuticas: hidroxiapatita é empregada em medicamentos e como excipiente (substância que carrega o princípio ativo).*Quando aquecida, possui fluorescência laranja-amarela sob ondas UV longas. Algumas variedades são fosforescentes quando aquecidas.*Hexagonal.*As rochas lunares coletadas pelos astronautas durante o programa Apollo contêm vestígios de apatita.*Alfredo Costa (IFRS)*https://museuhe.com.br/mineral/apatita-apatite/*https://didatico.igc.usp.br/minerais/fosfatos/apatita/*https://www.ufrgs.br/minmicro/Apatita.pdf*https://pt.wikipedia.org/wiki/Apatita*-@Apofilita*Silicatos.*Filossilicatos.*KCa₄Si₈O₂₀(F,OH).8H₂O*-*-*Duas direções de clivagem: uma perfeita e outra fraca.*4,5 - 5,0*Irregular.*2,3g/cm³ a 2,4g/cm³*Quebradiço.*Transparente, translúcido.*Branco.*Nacarado, vítreo.*Branco, violeta, verde claro, amarelo, azul claro, incolor ou rosa.*Prismático, tabular, pseudocúbica, maciça ou drúsica.*Usos espirituais e religiosos;  
Fabricação de adereços: utilizada em colares, brincos, anéis e pulseiras;  
Aplicação ornamental: itens decorativos.*Solúvel em ácido clorídrico (HCl).*Tetragonal.*"O nome apofilita é derivado do grego ""apophyllízo"" (ἀποφυλλίζω), que significa ""descamar"", uma referência à tendência dela de descamar quando aquecida, devido à perda de água."*Frank Heinrich (UFRGS)*https://museuhe.com.br/mineral/apofilita-apophyllite/*-*https://www.ufrgs.br/minmicro/Apofilita.pdf*-*-@Berilo var. água-marinha*Silicatos.*Ciclossilicatos.*Be₃Al₂(SiO₃)₆ *Berilo.*Variedades do Berilo: esmeralda, água-marinha, heliodoro, berilo dourado, gochenita, morganita, bixbite.*Uma direção de clivagem imperfeita, dificilmente observada.*7,5 - 8,0*Conchoidal, irregular.*2,63g/cm³ a 2,97g/cm³*Quebradiço.*Transparente, translúcido.*Branco.*Resinoso ou vítreo.*Azul ou verde pálido (Sua cor azul é atribuída à presença de impurezas férricas, especificamente de Fe²⁺).*Prismático, estriado, colunar ou granular.*Joalheria: produção de joias azuis;  
Usos espirituais e religiosos.*A poeira de berilo, como a água-marinha (uma variedade azul do berilo), é extremamente perigosa. Além de ser carcinogênica, pode causar efeitos tóxicos agudos quando inalada, levando à doença conhecida como beriliose.*Hexagonal.*No Brasil estão localizadas as maiores reservas de água-marinha do mundo. *Lisangela Cunegatto Machado (estudante do IFRS)*https://museuhe.com.br/mineral/berilo-beryl/*https://didatico.igc.usp.br/minerais/silicatos/ciclossilicatos/berilo-3/*https://www.ufrgs.br/minmicro/Berilo.pdf*https://en.wikipedia.org/wiki/Aquamarine_(gem)*@Aragonita*Carbonato.*Grupo da Aragonita.*CaCO₃*-*-*Três direções de clivagem: duas distintas e uma imperfeita.*3,5 - 4,0*Irregular, subconchoidal.*2,94g/cm³  *Quebradiço.*Transparente.*Branco.*Resinoso ou vítreo.*Incolor a branco, impurezas a tornam azul, verde, vermelha ou violeta.*Piramidal, tabular, geminado ou pseudo-hexagonais.*Fabricação civil: fabricação de cimento;  
Agricultura: correção de pH de solos ácidos;  
Usos espirituais e religiosos;  
Fabricação de adereços: utilizada em colares, brincos, anéis e pulseiras;  
Aplicação ornamental: itens decorativos.*Solúvel em ácido clorídrico (HCl) a frio, com efervescência. Possui fluorescência (fluoresce vermelho ou amarelo sob UV de longa e curta onda), fosforescência e catodoluminescência.*Ortorrômbico, piramidal.*A aragonita foi comprovada para a remoção de poluentes como zinco, cobalto e chumbo de águas residuais contaminadas.*Lisangela Cunegatto Machado (estudante do IFRS)*https://museuhe.com.br/mineral/aragonita-aragonite/*https://didatico.igc.usp.br/minerais/carbonatos/aragonita/*https://www.ufrgs.br/minmicro/Aragonita.pdf*https://en.wikipedia.org/wiki/Aragonite*-@Berilo var. esmeralda em matriz de xisto*Silicatos.*Ciclosilicatos.*Be₃Al₂(SiO₃)₆*Esmeralda.*Variedades do Berilo: esmeralda, água-marinha, heliodoro, berilo dourado, gochenita, morganita, bixbite.*Uma direção de clivagem imperfeita, dificilmente observada.*7,5 - 8,0*Conchoidal, irregular.*2,63g/cm³ a 2,97g/cm³*Quebradiço.*Transparente.*Branco.*Vítreo, resinoso.*Verde (Sua cor verde é atribuída à presença de pequenas quantidades de crômio e vanádio).*Prismático, estriado, colunar ou granular.*Joalheria: produção de joias verdes muito valorizadas;  
Usos espirituais e religiosos.*Insolúvel em ácidos.*Hexagonal.*O berílio, em forma de poeira ou fumaça, pode ser tóxico e representar riscos à saúde, causando a doença conhecida como beriliose.*Alfredo Costa (IFRS)*https://museuhe.com.br/mineral/berilo-beryl/*https://didatico.igc.usp.br/minerais/silicatos/ciclossilicatos/berilo-3/*https://www.ufrgs.br/minmicro/Berilo.pdf*https://en.wikipedia.org/wiki/Emerald*-@Berilo var. esmeralda*Silicatos.*Ciclossilicatos.*Be₃Al₂(SiO₃)₆*Berilo.*Variedades do Berilo: esmeralda, água-marinha, heliodoro, berilo dourado, gochenita, morganita, bixbite.*Uma direção de clivagem imperfeita.*7,5 - 8,0*Irregular a conchoidal.*2,63g/cm³ a 2,97g/cm³*Quebradiço.*Transparente, translúcido.*Branco.*Vítreo, resinoso.*Verde (Sua cor verde é atribuída à presença de pequenas quantidades de crômio e vanádio).*Prismático, estriado, colunar ou granular.*Joalheria: produção de joias verdes muito valorizadas;  
Usos espirituais e religiosos.*Insolúvel em ácidos.*Hexagonal.*Esmeraldas sintéticas já existem e foram desenvolvidas com o intuito de oferecer gemas mais acessíveis, mantendo características químicas e físicas iguais às das esmeraldas naturais.*Lisangela Cunegatto Machado (estudante do IFRS)*https://museuhe.com.br/mineral/berilo-beryl/*https://didatico.igc.usp.br/minerais/silicatos/ciclossilicatos/berilo-3/*https://www.ufrgs.br/minmicro/Berilo.pdf*https://en.wikipedia.org/wiki/Emerald*@Biotita em matriz de gnaisse*Silicatos.*Filossilicato.*K(Mg,Fe₂+)₃[AlSi₃O₁₀](OH,F)₂ *Biotita.*Variedades da Biotita: lepidomelana, manganofilita, wodanita, natrobiotita, hendricksita.*Uma direção de clivagem perfeita.*2,5 - 3,5*Micácea.*2,7g/cm³ a 3,3g/cm³*Flexível, elástico, quebradiço.*Opaco, transparente.*Branco, incolor, cinza ou castanho.*Nacarado, submetálico ou esplêndido.*Verde escuro, marrom escuro, preto ou castanho.*Maciço ou micáceo.*Indústria de corantes e pigmentos: produz pigmento;  
Agricultura: utilizado em fertilizantes;  
Cosméticos: utilizada em produtos de maquiagem, como sombras e blushes;  
Componentes elétricos: isolante elétrico.*-*Monoclínico.*A biotita gnaisse é uma das principais rochas que formam o Morro Pão de Açúcar.*Frank Heinrich (UFRGS)*https://museuhe.com.br/mineral/biotita-biotite/*https://didatico.igc.usp.br/minerais/silicatos/filossilicatos/biotita-2/*https://www.ufrgs.br/minmicro/Biotita.pdf*https://pt.wikipedia.org/wiki/Biotita*-@Quartzo var. ágata*Silicatos.*Tectossilicato.*SiO₂ *Ágata.*Variedades do quartzo: ametista, quartzo rosa, quartzo azul, quartzo verde, citrino, quartzo leitoso, quartzo fumê, calcedônia, ágata, jaspe, olho de tigre, cornalina, crisoprasio e ônix.  *Sem clivagem.*6,0 - 6,5*Desigual, estilhaçado, conchoidal, bordas muito afinadas.*2,60g/cm³*Quebradiço.*Transparente, translúcido.*Branco.*Ceroso ou graxo.*Vermelho, azul, verde, branco, cinza azulado ou incolor.*Maciça, granular ou prismático. *Usos espirituais e religiosos;  
Fabricação de adereços: utilizada em colares, brincos, anéis e pulseiras;  
Aplicação ornamental: itens decorativos.*Solúvel em ácido fluorídrico (HF).*Hexagonal.*Muitas ágatas disponíveis comercialmente são tingidas artificialmente para intensificar suas cores naturais ou para criar cores que não ocorrem naturalmente.*Frank Heinrich (UFRGS)*https://museuhe.com.br/mineral/calcedonia-chalcedony/*https://didatico.igc.usp.br/minerais/silicatos/tectossilicatos/quartzo-3/*-*https://pt.wikipedia.org/wiki/%C3%81gata*https://www.petgeologiaufpa.com/post/calced%C3%B4nia-aspectos-mineral%C3%B3gicos-e-de-uso-e-aplica%C3%A7%C3%A3ocomo-artefatos-e-joias@Calcita var. amarela*Carbonatos.*Grupo da Calcita.*CaCO₃*Calcita mel.*Variedades calcita: calcita óptica, calcita amarela, calcita branca, calcita cobaltoana, calcita dente de cachorro e calcita manganoana. *Uma direção de clivagem perfeita.*3*Conchoidal.*2,71g/cm³*Quebradiço.*Opaco, transparente.*Branco.*Nacarado ou vítreo.*Amarelo.*Prismático, romboédrico ou escalenoédrico.*Usos espirituais e religiosos;  
Fabricação de adereços: utilizada em colares, brincos, anéis e pulseiras;  
Aplicação ornamental: itens decorativos.*Efervescência no ácido clorídrico (HCl) frio.*Romboédrica.*A calcita e a aragonita possuem a mesma formula, porém a aragonita é formada em maiores pressões e temperaturas. *Lisangela Cunegatto Machado (estudante do IFRS)*https://museuhe.com.br/mineral/calcita-calcite/*https://didatico.igc.usp.br/minerais/carbonatos/calcita-10/*https://www.ufrgs.br/minmicro/Calcita.pdf*https://en.wikipedia.org/wiki/Calcite*-@Calcita*Carbonatos.*Grupo da Calcita.*CaCO₃*Carbonato de cálcio.*Variedades calcita: calcita óptica, calcita amarela, calcita branca, calcita cobaltoana, calcita dente de cachorro e calcita manganoana. *Uma direção de clivagem perfeita.*3*Conchoidal.*2,71g/cm³*Quebradiço.*Opaco, transparente.*Branco.*Nacarado ou vítreo.*Laranja, azul, verde, marrom, branco, amarelo, incolor, cinza, preto, rosa.*Prismático, romboédrico ou escalenoédrico.*Construção civil: produção de cal virgem (CaO) ou cal hidratada (CaO·OH) utilizadas em argamassas;  
Indústrias diversas: além da construção civil, outros setores produtivos utilizam cal, como a siderúrgica, meio ambiente, indústria química, papel e celulose, indústria alimentícia, pelotização de minério de ferro e agricultura;  
Indústria farmacêutica: princípio ativo de medicamentos orais, como antiácidos, antidiarreicos e suplemento mineral, e excipiente;  
Indústria de cosméticos: produção de pasta de dente.*Efervescência no ácido clorídrico (HCl) frio.*Romboédrica.*A calcita e a aragonita possuem a mesma fórmula química (CaCO₃), porém a aragonita se forma sob maiores pressões e temperaturas.*Frank Heinrich (UFRGS)*https://museuhe.com.br/mineral/calcita-calcite/*https://didatico.igc.usp.br/minerais/carbonatos/calcita-10/*https://www.ufrgs.br/minmicro/Calcita.pdf*https://en.wikipedia.org/wiki/Calcite*-@Calcita var. óptica*Carbonato.*Grupo da Calcita.*CaCO₃*Calcita transparente, longarina da Islândia, ou espato de Islândia.*Variedades calcita: calcita óptica, calcita amarela, calcita branca, calcita cobaltoana, calcita dente de cachorro e calcita manganoana. *Uma direção de clivagem perfeita.*3*Conchoidal.*2,71g/cm³*Quebradiço.*Transparente.*Branco.*Vítreo.*Transparente.*Prismático.*Instrumentos ópticos: lentes que polarizam a luz (deixam somente uma parte da luz passar) e produção do dicroscópio (ferramenta utilizada na identificação de pedras preciosas);  
Aplicações científicas: é parte de chips de computadores quânticos e material de ensino de propriedades ópticas, como birrefringência;  
Usos espirituais e religiosos.*Efervescência no ácido clorídrico (HCl) frio.*Hexagonal.*Os vikings possivelmente usaram espato da Islândia para navegação em dias nublados. Esse cristal transparente de calcita divide a luz solar em duas imagens, permitindo identificar a localização do sol ao girar o cristal até que as duas imagens tenham a mesma luminosidade, servindo como referência para navegação.*Alfredo Costa (IFRS)*https://museuhe.com.br/mineral/calcita-calcite/*https://didatico.igc.usp.br/minerais/carbonatos/calcita-10/*https://www.ufrgs.br/minmicro/Calcita.pdf*https://en.wikipedia.org/wiki/Calcite*https://www.nature.com/articles/s41377-023-01173-8
https://www.geologo.com.br/icelandspar.asp @Calcita var. azul*Carbonatos.*Grupo da Calcita.*CaCO₃*Calcita.*Variedades calcita: calcita óptica, calcita amarela, calcita branca, calcita cobaltoana, calcita dente de cachorro e calcita manganoana. *Uma direção de clivagem perfeita.*3*Conchoidal.*2,71g/cm³*Quebradiço.*Opaco, transparente.*Branco.*Nacarado ou vítreo.*Azul.*Prismático, romboédrico ou escalenoédrico.*Usos espirituais e religiosos;  
Fabricação de adereços: utilizada em colares, brincos, anéis e pulseiras;  
Aplicação ornamental: itens decorativos.*Efervescência no ácido clorídrico (HCl) frio.*Romboédrica.*Distingue-se da aragonita por ter menor densidade e clivagem romboédrica.*Lisangela Cunegatto Machado (estudante do IFRS)*https://museuhe.com.br/mineral/calcita-calcite/**https://www.ufrgs.br/minmicro/Calcita.pdf*https://en.wikipedia.org/wiki/Calcite*@Calcita var. verde*Carbonatos.*Grupo da Calcita.*CaCO₃*-*Variedades calcita: calcita óptica, calcita amarela, calcita branca, calcita cobaltoana, calcita dente de cachorro e calcita manganoana. *Uma direção de clivagem perfeita.*3*Conchoidal.*2,71g/cm³*Quebradiço.*Opaco, transparente.*Branco.*Nacarado ou vítreo.*Verde.*Prismático, romboédrico ou escalenoédrico.*Usos espirituais e religiosos;  
Fabricação de adereços: utilizada em colares, brincos, anéis e pulseiras;  
Aplicação ornamental: itens decorativos.*Efervescência no ácido clorídrico (HCl) frio.*Romboédrica.*A calcita artificial é utilizada como material estrutural na produção de tecidos ósseos.*Lisangela Cunegatto Machado (estudante do IFRS)*https://museuhe.com.br/mineral/calcita-calcite/*-*https://www.ufrgs.br/minmicro/Calcita.pdf*https://en.wikipedia.org/wiki/Calcite*-@Calcopirita e pirita em mármore*Sulfetos.*Grupo da Calcopirita.*CuFeS₂*-*-*Duas direções de clivagem fracas.*3,5 - 4,0*Irregular.*4,10g/cm³ a 4,30g/cm³*Quebradiço.*Opaco.*Preto esverdeado.*Metálico.*Amarelo latão.*Maçico.*Fonte de cobre.*Solúvel em ácido nítrico (HNO₃) com efervescência, formando uma solução verde, com resíduo de enxofre.*Tetragonal.*É parecida com o ouro, a pirrotita, a pirita e a marcassita, diferenciando-se desses minerais pela dureza, densidade, cor e traço.*Frank Heinrich (UFRGS)*https://museuhe.com.br/mineral/calcopirita-chalcopyrite/*https://didatico.igc.usp.br/minerais/sulfetos/calcopirita/*-*https://en.wikipedia.org/wiki/Calcite*-@Cianita var. preta*Silicato.*Nesossilicato.*Al₂SiO₅*Cianita, vassoura de bruxa, vassourinha.*-*Uma direção de clivagem perfeita.*5,0 - 7,0*Estilhaçada.*3,55g/cm³ a 3,66g/cm³*Quebradiço.*Vítreo a nacarado.*Branco.*Nacarado ou vítreo.*Preto.*Tabular ou laminar.*Usos espirituais e religiosos;  
Fabricação de adereços: utilizada em colares, brincos, anéis e pulseiras;  
Aplicação ornamental: itens decorativos.*-*Triclínico.*"Seu nome vem da mesma origem da cor ciano, derivado da palavra grega antiga κύανος (kyanos), que significa ""azul escuro""."*Lisangela Cunegatto Machado (estudante do IFRS)*https://museuhe.com.br/mineral/cianita-kyanite/*https://didatico.igc.usp.br/minerais/silicatos/nesossilicatos/cianita/*https://www.ufrgs.br/minmicro/Cianita.pdf*https://en.wikipedia.org/wiki/Kyanite*-@Cianita var. verde*Silicatos.*Nesossilicato.*Al₂SiO₅*Cianita.*-*Uma direção de clivagem perfeita.*5,0 - 7,0*Estilhaçada.*3,55g/cm³ a 3,66g/cm³*Quebradiço.*Vítreo a nacarado.*Branco.*Nacarado ou vítreo.*Verde.*Tabular ou laminar.*Usos espirituais e religiosos;  
Fabricação de adereços: utilizada em colares, brincos, anéis e pulseiras;  
Aplicação ornamental: itens decorativos.*-*Triclínico.*"Seu nome vem da mesma origem da cor ciano, derivado da palavra grega antiga κύανος (kyanos), que significa ""azul escuro""."*Lisangela Cunegatto Machado (estudante do IFRS)*https://museuhe.com.br/mineral/cianita-kyanite/*https://didatico.igc.usp.br/minerais/silicatos/nesossilicatos/cianita/*https://www.ufrgs.br/minmicro/Cianita.pdf*https://en.wikipedia.org/wiki/Kyanite*-@Citrino*Silicatos.*Tectossilicato.*SiO₂ *Citrino natural, quartzo citrino.*Variedades do quartzo: ametista, quartzo rosa, quartzo azul, quartzo verde, citrino, quartzo leitoso, quartzo fumê, calcedônia, ágata, jaspe, olho de tigre, cornalina, crisoprasio e ônix.  *Sem clivagem, podendo apresentar clivagem muito ruim, raramente observável.*7*Conchoidal.*2,65g/cm³*Quebradiço.*Opaco, transparente.*Branco.*Fosco, vítreo ou graxo.*Amarelo (Sua cor amarela é atribuída por impurezas férricas).*Maciça, granular ou prismático. *Usos espirituais e religiosos;  
Fabricação de adereços: utilizada em colares, brincos, anéis e pulseiras;  
Aplicação ornamental: itens decorativos;  
Fonte de silício para painéis solares e revestimento em fornos industriais.*Solúvel em ácido fluorídrico (HF).*Romboédrica.*Às vezes, o citrino e a ametista podem ser encontrados juntos no mesmo cristal, que é então chamado de Bolivianita.*Lisangela Cunegatto Machado (estudante do IFRS)*https://museuhe.com.br/mineral/quartzo-quartz/*https://didatico.igc.usp.br/minerais/silicatos/tectossilicatos/quartzo-3/*https://www.ufrgs.br/minmicro/Quartzo.pdf*https://en.wikipedia.org/wiki/Quartz#Citrine*https://pt.geologyscience.com/minerals/silicates-minerals/citrine/?amp@Corindon var. Rubi*Óxidos.*Grupo da Hematita.*Al₂O₃*-*Variedades de corindon: safira e rubi.*Sem clivagem.*9*Conchoidal, irregular.*3,98g/cm³ a 4,10g/cm³*Quebradiço, tenaz.*Transparente.*Branco.*Vítreo, perláceo ou adamantino.*Vermelho (Sua cor vermelha é atribuída à presença de impurezas de cromo).*Maciço, prismático piramidal, raramente tabular, romboédrico ou granular.*Joias: rubis são valorizados por sua cor vermelha vívida e durabilidade, e são comumente usados em joias de alta qualidade, como anéis, colares e brincos.  
Tecnologia laser: rubis sintéticos são usados na tecnologia laser, particularmente em aplicações médicas e científicas. Os lasers de rubi são utilizados para procedimentos médicos, como remoção de tatuagens, e para pesquisas científicas em áreas como a espectroscopia.  
Aplicações industriais: a durabilidade e o alto ponto de fusão do rubi o tornam útil em diversas aplicações industriais, como rolamentos e selos mecânicos em bombas e turbinas a gás.  
Relojoaria: rubis são usados como rolamentos em relógios mecânicos de alta qualidade, principalmente no mecanismo de escape, que é responsável pela precisão da cronometragem do relógio.  
Aplicações ópticas: rubis também são usados em várias aplicações ópticas, como lentes de câmeras e instrumentos científicos.  
Usos religiosos.*-*Romboédrica.*Para a produção de joias, a qualidade de um rubi é determinada pela sua cor, corte e clareza, que, juntamente com o peso em quilates, afetam o seu valor.*Lisangela Cunegatto Machado (estudante do IFRS)*https://museuhe.com.br/mineral/corindon-corundum/*https://didatico.igc.usp.br/minerais/oxidos-hidroxidos/corindon/*https://www.ufrgs.br/minmicro/Corindon.pdf*https://en.wikipedia.org/wiki/Ruby*@Drusa de quartzo*Silicatos.*Tectossilicato.*SiO₂*Cristal, drusa de quartzo laser.*Variedades do quartzo: ametista, quartzo rosa, quartzo azul, quartzo verde, citrino, quartzo leitoso, quartzo fumê, calcedônia, ágata, jaspe, olho de tigre, cornalina, crisoprasio e ônix.  *Sem clivagem, podendo apresentar clivagem muito ruim, raramente observável.*7*Conchoidal.*2,65g/cm³*Quebradiço.*Opaco, transparente.*Branco.*Fosco, vítreo ou graxo.*Azul, marrom, branco, amarelo, incolor, cinza, preto, púrpura.*Maciça, granular prismático com faces estriadas ou geminadas. *Usos espirituais e religiosos;  
Aplicação ornamental: itens decorativos.*Solúvel em ácido fluorídrico (HF).*Romboédrica.*Drusas são agrupamentos irregulares de cristais que aparecem em geodos ou outras cavidades.*Lisangela Cunegatto Machado (estudante do IFRS)*https://museuhe.com.br/mineral/quartzo-quartz/*https://didatico.igc.usp.br/minerais/silicatos/tectossilicatos/quartzo-3/*https://www.ufrgs.br/minmicro/Quartzo.pdf*https://en.wikipedia.org/wiki/Quartz*-@Enxofre*Elementos nativos.*-*S ou S₈*-*-*Sem clivagem.*1,5 - 2,5*Conchoidal, irregular.*2,05g/cm³ a 2,09g/cm³*Quebradiço.*Transparente.*Branco.*Resinoso.*Amarelo, com variação da tonalidade para amarelo-esverdeado, acinzentando e avermelhado. Transparente a translúcido.*        Piramidal, bipiramidal, prismático, maciço, estalactítico, como incrustações ou terroso.*Aplicações farmacêuticas: princípio ativo de medicamentos dermatológicos;  
Aplicações cosméticas: cremes protetores e renovadores da pele e produtos para cabelo;  
Agricultura: produção de fertilizantes, complemento alimentar para gado, formulação de inseticidas e fungicidas;  
Indústria alimentícia: clareamento do açúcar;  
Indústria de polímeros: atua na vulcanização de borrachas.*Odor característico de ovo podre; solúvel em acetona, insolúvel em água.*Ortorrômbico.*O enxofre é utilizado na produção de pólvora negra, como enxofre nitroso em fogos de artifício e em outros explosivos.*Alfredo Costa (IFRS)*https://museuhe.com.br/mineral/enxofre-sulphur/*https://didatico.igc.usp.br/minerais/elementos-nativos/enxofre/*https://www.ufrgs.br/minmicro/Enxofre.pdf*https://en.wikipedia.org/wiki/Sulfur*https://petrobras.com.br/quem-somos/enxofre#:~:text=Principais%20aplica%C3%A7%C3%B5es%20do%20enxofre,resist%C3%AAncia%20dos%20produtos%2C%20principalmente%20pneus.@Epidoto var. verde*Silicatos.*Sorossilicato.*Ca₂(Fe,Al)Al₂(SiO₄)(Si₂O₇)O(OH)*Epidoto.*-*Duas direções de clivagem: uma perfeita e uma imperfeita.*6,0 - 7,0*Irregular.*3,35g/cm³ a 3,50g/cm³*Quebradiço.*Opaco, translúcido.*Branco acinzentado.*Nacarado, resinoso ou vítreo.*Verde, verde claro, verde pistache.*Granular, fibroso, colunar ou estriado.*Usos espirituais e religiosos;  
Fabricação de adereços: utilizada em colares, brincos, anéis e pulseiras;  
Aplicação ornamental: itens decorativos e artes lapidadas.*Parcialmente decomposto em ácido clorídrico (HCl).*Monoclínico.*"Epidoto é derivado da palavra grega ""epidose"", que significa ""aumento"", referindo-se à característica cristalina de um lado mais longo na base do prisma."*Frank Heinrich (UFRGS)*https://museuhe.com.br/mineral/epidoto-epidote/*https://didatico.igc.usp.br/minerais/silicatos/sorossilicatos/epidoto/*-*https://en.wikipedia.org/wiki/Epidote*https://pt.geologyscience.com/gemstone/epidote/?_ga=2.47854631.1235596076.1703578009-93521147.1703578009&#Uses_of_Epidote@Escolecita*Silicatos.*Tectossilicato.*CaAl₂Si₃O₁₀·3H₂O*-*-*Duas direções de clivagem perfeitas.*5,0 - 5,5*Irregular.*2,25g/cm³ a 2,29g/cm³*Quebradiço.*Transparente, translúcido.*Branco.*Acetinado, vítreo ou sedoso.*Branco, incolor.*Fibroso ou acicular.*Usos espirituais e religiosos;  
Fabricação de adereços: utilizada em colares, brincos, anéis e pulseiras;  
Aplicação ornamental: itens decorativos e artes lapidadas.*Pode fluorescer de amarelo a marrom sob UV de curta (SW) e longa onda (LW); é piroelétrico e piezelétrico; solúvel em ácido clorídrico (HCl).*Monoclínico.*A escolecita é piezoelétrica, o que significa que tem a capacidade de gerar uma corrente elétrica quando submetida a uma pressão mecânica.*Frank Heinrich (UFRGS)*https://museuhe.com.br/mineral/escolecita-scolecite/*-*-*https://en.wikipedia.org/wiki/Scolecite*-@Esfalerita associada à Galena*Sulfetos.*Grupo da Esfalerita.*Esfalerita: ZnS ou (Zn,Fe)S

Galena: PbS*Esfarelita, sulfeto de zinco cubico, blenda com galena.*-*Uma direção de clivagem perfeita.*3,5 - 4,0*Conchoidal.*3,90g/cm³ a 4,10g/cm³*Quebradiço.*Opaco, transparente, translúcido.*Marrom, branco ou amarelo claro.*Adamantino ou resinoso.*Verde, marrom, branco, amarelo, preto.*Granular, maciço, botrioidal ou criptocristalino.*Fonte de zinco e, por vezes, outros metais;  
Usos espirituais e religiosos;  
Fabricação de adereços: utilizada em colares, brincos, anéis e pulseiras;  
Aplicação ornamental: itens decorativos.*-*Isométrico.*A esfalerita é um importante minério de zinco, sendo responsável pela extração de cerca de 95% de todo o zinco primário.**https://museuhe.com.br/mineral/esfalerita-sphalerite/*https://didatico.igc.usp.br/minerais/sulfetos/esfalerita/*-*https://en.wikipedia.org/wiki/Sphalerite*https://pt.geologyscience.com/minerals/sphalerite/#Uses_Area@Estilbita-Ca*Silicatos.*Tectossilicato.*(NaCa₄[Al₉Si₂₇O₇₂]·nH₂O)*-* Variedades de estilbita: estilbita-Ca e estilbita-Na.*Uma direção de clivagem perfeita.*3,5 - 4,0*Irregular.*2,10g/cm³ a 2,20g/cm2*Quebradiço.*Transparente, translúcido.*Branco.*Nacarado ou vítreo.*Branca, incolor, amarelada, creme, laranja, marrom claro a escuro, laranja, rosa.*Tabular, fibroso ou amigdaloidal
.*Usos espirituais e religiosos;  
Aplicações científicas: possui potencial para purificar água, sendo já empregada com esse propósito em alguns estudos.*Solúvel em ácido clorídrico (HCl).*Monoclínico.*Estilbita não é um mineral único, mas um termo genérico que se refere a dois minerais distintos: estilbita-Ca e estilbita-Na.*Frank Heinrich (UFRGS)*https://museuhe.com.br/mineral/estilbita-stilbite/*-*https://www.ufrgs.br/minmicro/Estilbita.pdf*https://en.wikipedia.org/wiki/Stilbite*-@Ortoclásio*Silicatos.*Tectossilicato.*KAlSi₃O₈*Ortoclase, ortósio.*-*Duas direções de clivagem perfeitas.*6*Conchoidal, irregular.*2,54g/cm³ a 2,76g/cm³*Quebradiço.*Transparente, translúcido.*Branco.*Nacarado ou vítreo.*Incolor a branco, pode apresentar tons verdes, cinza, amarelos e rosa.*Prismático, tabular, granular ou maciço.
*Indústria cerâmica: redução da temperatura de fusão na produção de porcelanas, louças e azulejos;  
Vidreira: redução da temperatura de fusão na produção de vidros;  
Usado em quantidades menores para a fabricação de soldas.*-*Monoclínico, triclínico.*O rover Curiosity da NASA descobriu altos níveis de ortoclásio em arenitos marcianos, sugerindo que algumas rochas em Marte podem ter passado por processos geológicos complexos, como derretimento repetido.*Frank Heinrich (UFRGS)*https://museuhe.com.br/mineral/ortoclasio-orthoclase/*https://didatico.igc.usp.br/minerais/silicatos/tectossilicatos/feldspato-alcalino/*https://www.ufrgs.br/minmicro/Ortocl%C3%A1sio.pdf*https://pt.wikipedia.org/wiki/Feldspato*@Fluorita var. Roxa*Halogenetos.*Fluoretos.*CaF₂*Fluorita.*-*Uma direção de clivagem perfeita.*4*Irregular, subconchoidal.*3,17g/cm³ a 3,56g/cm³*Quebradiço.*Transparente, translúcido.*Branco.*Fosco ou vítreo.*Roxo.*Cubos, octaedros, formas combinadas, nodular, botrioidal, maciça, granular, raramente colunar ou fibrosa.*Aplicações químicas: produção de ácido fluorídrico (HF);  
Indústria vidreira: fundente;  
Aplicação ornamental: itens decorativos.*Geralmente apresenta fluorescência sob luz ultravioleta.*Isométrico.*A fluorita dá nome ao fenômeno da fluorescência, pois muitas amostras do mineral fluorescem fortemente sob luz ultravioleta.*Frank Heinrich (UFRGS)*https://museuhe.com.br/mineral/fluorita-fluorite/*https://didatico.igc.usp.br/minerais/haloides/fluorita/*https://www.ufrgs.br/minmicro/Fluorita.pdf*https://en.wikipedia.org/wiki/Fluorite*-@Fluorita var. verde*Halogenetos.*Fluoretos.*CaF₂*Fluorita.*-*Uma direção de clivagem perfeita.*4*Irregular, subconchoidal.*3,17g/cm³ a 3,56g/cm³*Quebradiço.*Transparente, translúcido.*Branco.*Fosco ou vítreo.*Verde.*Cubos, octaedros, formas combinadas, nodular, botrioidal, maciça, granular, raramente colunar ou fibrosa.*Aplicações químicas: produção de ácido fluorídrico (HF);  
Indústria vidreira: fundente;  
Aplicação ornamental: itens decorativos.*Geralmente apresenta fluorescência sob luz ultravioleta.*Isométrico.*A fluorita dá nome ao fenômeno da fluorescência, pois muitas amostras do mineral fluorescem fortemente sob luz ultravioleta.*Lisangela Cunegatto Machado (estudante do IFRS)*https://museuhe.com.br/mineral/fluorita-fluorite/*https://didatico.igc.usp.br/minerais/haloides/fluorita/*https://www.ufrgs.br/minmicro/Fluorita.pdf*https://en.wikipedia.org/wiki/Fluorite*-@Gipsita var. selenita*Sulfatos.*Sulfatos básicos e hidratados.*CaSO₄·2H₂O*Gipsita, selenita, sulfato de cálcio hidratado.*Variedades da gipsita: selenita, gipsita fibrosa, alabastro e rosa do deserto.*Uma direção de clivagem perfeita.*2,0 - 2.5*Fibrosa.*2,2g/cm³ a 2,3g/cm³*Ligeiramente flexível.*Transparente, translúcido.*Branco.*Vítreo ou perolado.*Incolor na maioria das vezes, porém pode ser branco, cinza, marrom, amarelo, vermelho ou azul pela presença de impurezas.*Prismáticas, tabulares, laminado ou terroso.*Usos espirituais e religiosos;  
Fabricação de adereços: utilizada em colares, brincos, anéis e pulseiras;  
Aplicação ornamental: itens decorativos.*Solúvel em água; pode exibir fluorescência sob luz ultravioleta, apresentando várias cores, incluindo branco, amarelo ou azul, dependendo das impurezas presentes no cristal.*Monoclínico.*Alguns dos maiores cristais já encontrados são de selenita, sendo o maior espécime descoberto na Caverna dos Cristais, na Mina Naica, com 12 metros de comprimento e pesando 55 toneladas.*Lisangela Cunegatto Machado (estudante do IFRS)*https://museuhe.com.br/mineral/gipsita-gypsum/*https://didatico.igc.usp.br/minerais/sulfatos/gipsita/*https://www.ufrgs.br/minmicro/Gipso.pdf*https://en.wikipedia.org/wiki/Selenite_(mineral)*-@Gipsita var. selenita dourada*Sulfatos.*Sulfatos básicos e hidratados.*CaSO₄·2H₂O*Gipsita, selenita, sulfato de cálcio hidratado.*Variedades da gipsita: selenita, gipsita fibrosa, alabastro e rosa do deserto.*Uma direção de clivagem perfeita.*2,0 - 2.5*Fibrosa.*2,2g/cm³ a 2,3g/cm³*Ligeiramente flexível.*Transparente, translúcido.*Branco.*Vítreo ou perolado.*Dourado.*Prismáticas, tabulares, laminado ou terroso.*Usos espirituais e religiosos;  
Fabricação de adereços: utilizada em colares, brincos, anéis e pulseiras;  
Aplicação ornamental: itens decorativos.*Solúvel em água; pode exibir fluorescência sob luz ultravioleta, apresentando várias cores, incluindo branco, amarelo ou azul, dependendo das impurezas presentes no cristal.*Monoclínico.*Alguns dos maiores cristais já encontrados são de selenita, sendo o maior espécime descoberto na Caverna dos Cristais, na Mina Naica, com 12 metros de comprimento e pesando 55 toneladas.*Lisangela Cunegatto Machado (estudante do IFRS)*https://museuhe.com.br/mineral/gipsita-gypsum/*https://didatico.igc.usp.br/minerais/sulfatos/gipsita/*https://www.ufrgs.br/minmicro/Gipso.pdf*https://en.wikipedia.org/wiki/Selenite_(mineral)*https://pt.geologyscience.com/minerais/minerais-de-sulfato/selenito-a/@Gipsita*Sulfatos.*Sulfatos básicos e hidratados.*CaSO₄·2H₂O*Gesso, gipso.*Variedades da gipsita: selenita, gipsita fibrosa, alabastro e rosa do deserto.*Três direções de clivagem: uma direção perfeita, uma laminar e uma concóide.*1,5 - 2,0*Conchoidal, estilhaçada.*2,31g/cm³ a 2,32g/cm³*Flexível, inelástico.*Opaco, transparente.*Branco ou incolor.*Nacarado ou vítreo.*Vermelho, marrom, branco, amarelo, incolor, cinza, preto, castanho, rosa.*Maciça, laminada (selenita), maciça granular (alabastro) ou fibroso (espato setinado).*Construção civil: produção de gesso;  
Agricultura: produção de fertilizantes;  
Aplicação ornamental: itens decorativos.*Solúvel em ácido clorídrico (HCl), formando solução incolor.*Monoclínico.*A presença de depósitos de gipsita em Marte, detectada pela sonda Opportunity, é considerada uma evidência de que houve água corrente na superfície do planeta no passado.*Frank Heinrich (UFRGS)*https://museuhe.com.br/mineral/gipsita-gypsum/*https://didatico.igc.usp.br/minerais/sulfatos/gipsita/*-*https://pt.wikipedia.org/wiki/Gesso*-@Hematita*Óxidos.*Grupo da Hematita.*α-Fe₂O₃*-*-*Sem clivagem.*5,0 - 6,0*Irregular, subconchoidal.*5,20g/cm³ a 5,26g/cm³*Elástico, quebradiço.*Transparente, translúcido.*Marrom avermelhado ou vermelho cereja.*Metálico, fosco ou submetálico.*Cinza, preto, cinza aço.*Romboédrico, tabular, granular, laminar, botroídal ou compacto. *Indústria farmacêutica: possui aplicações em excipientes;  
Indústria de corantes e pigmentos: fonte do pigmento vermelho-ocre;  
Indústria de base: extração de ferro;  
Indústria de politrizes: polimentos;  
Indústria química: produção de catalisadores;  
Fabricação de adereços: utilizada em colares, brincos, anéis e pulseiras;  
Usos espirituais e religiosos.*Lentamente solúvel em ácido clorídrico (HCl), com formação de solução amarelada ou esverdeada; levemente magnético.*Romboédrica.*Em 2004, a NASA descobriu que a hematita é um dos minerais mais abundantes nas rochas e na superfície de Marte. Essa abundância de hematita confere à paisagem marciana uma coloração marrom avermelhada, que é a razão pela qual o planeta parece vermelho no céu noturno.*Frank Heinrich (UFRGS)*https://museuhe.com.br/mineral/hematita-hematite/*-*-*https://pt.wikipedia.org/wiki/Hematita*https://docs.ufpr.br/~gazda/saismetalicos.htm#:~:text=Apresenta%2Dse%20como%20p%C3%B3%20vermelho,a%20que%20tenham%20sidos%20expostos.@Heulandita-Ca*Silicatos.*Tectossilicato.*(Ca,Na,K)₅(Si₂₇Al₉)O₇₂.26H₂O*-*Variedades de heulandida: heulandita-Ca, heulandite-Na, heulandita-K, heulandita-Sr e heulandita-Ba.*Uma direção de clivagem perfeita.*3,5 - 4,0*Irregular, conchoidal.*2,1g/cm³ a 2,2g/cm³*Quebradiço.*Opaco, transparente.*Branco.*Nacarado ou vítreo.*Incolor, branca, raramente vermelha, verde, marrom ou amarela.*Tabular, granular ou maciça. *Usos espirituais e religiosos;  
Aplicações científicas: pode ser utilizada para purificar a água.*Solúvel em ácido clorídrico (HCl).*Monoclínico.*A heulandita não é um mineral único, mas uma série de minerais tectossilicatos do grupo das zeólitas. Essa série inclui heulandita-Ca, heulandita-Na, heulandita-K, heulandita-Sr e heulandita-Ba.*Frank Heinrich (UFRGS)*https://museuhe.com.br/mineral/heulandita-heulandite/*-*https://www.ufrgs.br/minmicro/Heulandita.pdf*https://en.wikipedia.org/wiki/Heulandite*-@Howlita*Boratos.*Inoborato.*Ca₂B₅SiO₉(OH)₅*-*-*Sem clivagem.*6,5 (embora o material possa medir 3,5 em testes por essa ser a dureza de separação de seus grãos)*Conchoidal, irregular.*2,53g/cm³ a 2,59g/cm³*Quebradiço.*Opaco.*Branco.*Vítreo.*Branco algumas vezes com veias pretas ou castanhas.*Maciço ou nodular.*Usos espirituais e religiosos;  
Fabricação de adereços: utilizada em colares, brincos, anéis e pulseiras;  
Aplicação ornamental: itens decorativos.*Solúvel em ácido clorídrico (HCl).*Monoclínico.*A forma mais comum de howlita é em nódulos irregulares, às vezes com aparência semelhante à de couve-flor.*Lisangela Cunegatto Machado (estudante do IFRS)****https://en.wikipedia.org/wiki/Howlite*https://www.mindat.org/min-1936.html@Quartzo var. jaspe*Silicatos.*Tectossilicato.*SiO₂ *Jaspe.*Variedades do quartzo: ametista, quartzo rosa, quartzo azul, quartzo verde, citrino, quartzo leitoso, quartzo fumê, calcedônia, ágata, jaspe, olho de tigre, cornalina, crisoprasio e ônix.*Sem clivagem.*7*Conchoidal.*2,65g/cm³*Quebradiço.*Transparente, translúcido.*Branco.*Fosco, vítreo ou graxo.*Geralmente vermelhos ou marrons (Sua cor vermelha é atribuída a presença de hematita e hidróxidos de ferro).*Maciça, cristais prismáticos ou compacto.        *Usos espirituais e religiosos;  
Fabricação de adereços: utilizada em colares, brincos, anéis e pulseiras;  
Aplicação ornamental: itens decorativos.*Solúvel em ácido fluorídrico (HF).*Romboédrica.*Na Antiguidade, o jaspe era uma pedra decorativa altamente valorizada por gregos, romanos e egípcios.*Lisangela Cunegatto Machado (estudante do IFRS)*https://museuhe.com.br/mineral/quartzo-quartz/*https://didatico.igc.usp.br/minerais/silicatos/tectossilicatos/quartzo-3/*https://www.ufrgs.br/minmicro/Jaspe.pdf*https://en.wikipedia.org/wiki/Jasper*https://www.gemstones.com/gemopedia/jasper@Lepidolita*Silicatos.*Filossilicatos.*K(Li,Al)₃(Si,Al)₄O₁₀·(F,OH)₂*-*-*Uma direção de clivagem
perfeita.*2,5 - 4,0*Irregular.*2,8g/cm³ a 2,9g/cm³*Flexível, elástico.*Opaco.*Branco.*Nacarado ou vítreo.*Rosa pink, rosa, violeta, púrpura, violeta acinzentado, amarelada, branca e às vezes incolor.*Micáceo, tabular, prismático, pode ser pseudohexagonal, agregados maciços ou 
escamosas.*Indústria de base: fonte de óxido de lítio (Li₂O);  
Indústria vidreira: usado na fabricação de vidros especiais de cozinha, fibras de vidro e esmaltes cerâmicos;  
Usos espirituais e religiosos.*Parcialmente decomposta em ácido clorídrico (HCl).*Monoclínico.*Principal fonte dos metais alcalinos rubídio e césio, além de ser uma fonte secundária de lítio, elemento crucial para a produção de eletrônicos.*Lisangela Cunegatto Machado (estudante do IFRS)*https://museuhe.com.br/mineral/lepidolita-lepidolite/*-*https://www.ufrgs.br/minmicro/Lepidolita.pdf*https://en.wikipedia.org/wiki/Lepidolite*-@Magnetita*Óxidos.*Grupo do Espinélio.*Fe₂+Fe₂O₄*Pedra-imã.*-*Sem clivagem.*6*Irregular.*5,18g/cm³*Quebradiço.*Opaco.*Preto.*Metálico.*Marrom, preto, preto acinzentado.*Maciço ou granular.*Indústria de base: fonte de ferro;  
Indústria farmacêutica: possui aplicações em excipientes;  
Usos espirituais e religiosos.*Magnética.*Isométrico.*A magnetita é o mineral mais magnético da Terra e sua propriedade magnética foi utilizada na fabricação de bússolas.*Alfredo Costa (IFRS)*https://museuhe.com.br/mineral/magnetita-magnetite/*-*-*https://pt.wikipedia.org/wiki/Magnetita*-@Cobre na matriz*Elementos nativos.*-*Cu*Cobre.*-*Sem clivagem.*2,5 - 3,0*Serrilhada.*8,80g/cm³ a 8,95g/cm³*Dúctil, maleável.*Transparente, translúcido.*Vermelho.*Metálico ou fosco.*Vermelho, vermelho escuro, vermelho cobre.*Cristais distorcidos, placas, dendrítico, fibroso, maciço ou terroso.*Componentes eletrônicos: produz fios condutores, conectores eletrônicos e tubulação de água e vapor;  
Indústria de base: confecção de ligas metálicas, como bronze e latão;  
Agricultura: combate a fungos com o sulfato de cobre;  
Indústria de corantes e pigmentos: fonte de pigmento verde.*Solúvel em ácido nítrico concentrado (HNO₃), com formação de solução verde e desprendimento de NO₂.*Isométrico.*Assim como o alumínio, o cobre pode ser reciclado sem perda de qualidade, tanto no estado bruto quanto em produtos manufaturados.*Frank Heinrich (UFRGS)*https://museuhe.com.br/mineral/cobre-copper/*-*https://www.ufrgs.br/minmicro/Cobre.pdf*https://pt.wikipedia.org/wiki/Cobre*https://igeologico.com.br/minerio-de-cobre-importancia-tipos-de-depositos-e-curiosidades/#:~:text=Cobre%3A%20al%C3%A9m%20da%20rede%20el%C3%A9trica,presente%20em%20diversos%20outros%20contextos.@Moscovita*Silicatos.*Filossilicato.*KAl₂[Si₃AlO₁₀](OH,F)₂*Mica (embora o termo se refira a outros minerais também).*-*Uma direção de clivagem perfeita.*2,5 - 4,0*Micácea.*2,77g/cm³ a 2,88g/cm³*Flexível, elástico.*Opaco.*Branco.*Nacarado ou vítreo.*Vermelho, verde claro, amarelo, incolor, cinza, castanho, rosa, vermelho claro.*Micáceo.*Indústria de corantes e pigmentos: produz pigmento;  
Componentes eletrônicos: isolante elétrico;  
Cosméticos: utilizada em produtos de maquiagem, como sombras e blushes.*-*Monoclínico.*A moscovita é utilizada para a fabricação de materiais à prova de fogo e isolantes.*Frank Heinrich (UFRGS)*https://museuhe.com.br/mineral/muscovita-muscovite/*https://didatico.igc.usp.br/minerais/silicatos/filossilicatos/muscovita/*https://www.ufrgs.br/minmicro/Muscovita.pdf*https://en.wikipedia.org/wiki/Muscovite*-@Quartzo var. olho de tigre*Silicatos.*Tectossilicato.*SiO₂*-*Variedades do quartzo: ametista, quartzo rosa, quartzo azul, quartzo verde, citrino, quartzo leitoso, quartzo fumê, calcedônia, ágata, jaspe, olho de tigre, cornalina, crisoprasio e ônix.*Sem clivagem.*7*Fibrosa.*2,64g/cm³*Quebradiço.*Transparente, translúcido.*Amarelo ou castanho.*Sedoso.*Amarela dourada (Sua cor dourada é atribuída à presença de limonite incrustada).*Maciça em diferentes granulações, cristais prismáticos ou compacto.*Usos espirituais e religiosos;  
Fabricação de adereços: utilizada em colares, brincos, anéis e pulseiras;  
Aplicação ornamental: itens decorativos.*Solúvel em ácido fluorídrico (HF).*Hexagonal.*Quando o mineral é cortado para fazer joias, geralmente recebe um tratamento térmico ou químico (dependendo da cor da gema) para manter a característica de reflexão da luz em faixas que dá o nome ao olho de tigre.*Lisangela Cunegatto Machado (estudante do IFRS)*https://museuhe.com.br/mineral/quartzo-quartz/*https://didatico.igc.usp.br/minerais/silicatos/tectossilicatos/quartzo-3/*https://www.ufrgs.br/minmicro/Quartzo.pdf*https://en.wikipedia.org/wiki/Tiger%27s_eye*https://pt.geologyscience.com/minerais/minerais-de-silicatos/olho-de-tigre/@Olivina em mármore*Silicatos.*Nesossilicato.*(Mg,Fe)₂SiO₄*-*-*Duas direções de clivagem imperfeitas, difícil de observar.*6,5 - 7,0*Conchoidal, irregular.*3,22g/cm³ a 4,39g/cm³*Quebradiço.*Opaco, transparente.*Branco.*Resinoso, gorduroso ou vítreo.*Verde oliva, preto, castanho, verde amarelado, cinza esverdeado.*Granular ou maciço.*Indústria metalúrgica: fabricação de aço;  
Joalheria: vendida como gema;  
Aplicações científicas: potencial sequestrador de carbono.*-*Ortorrômbico.*A remoção de CO₂ por reações com olivina é uma opção viável para ser utilizada em larga escala, pois a olivina reage facilmente com o CO₂ da atmosfera.*Frank Heinrich (UFRGS)*https://museuhe.com.br/mineral/olivina-olivine/*https://didatico.igc.usp.br/minerais/silicatos/nesossilicatos/olivina/*-*https://en.wikipedia.org/wiki/Olivine*-@Opala*Silicato.*Tectossilicato.*SiO₂.n(H₂O)*-*Variedades da opala: Opala-CT (contém os minerais cristobalita e tridimita), Opala-C (contém o mineral cristobalita), Opala-AG (também conhecida como opala preciosa, reflete a luz e possui esferas de sílica envoltas por água) e Opala-AN (opala transparente e amorfa).*Sem clivagem.*5,5 - 6,5*Conchoidal.*1,90g/cm³ a 2,30g/cm³*Quebradiço.*Opaco, transparente.*Branco.*Fosco ou vítreo.*Vermelho, azul, marrom, branco, amarelo, preto.*Maciço ou pseudomórfica sobre minerais variados.*Usos espirituais e religiosos;  
Fabricação de adereços: utilizada em colares, brincos, anéis e pulseiras.*Fluorescência em cores verdes, amarelas e brancas é relativamente comum em opalas, sob luz UV de ondas curtas e longas.*-*Por razões históricas, a opala ainda é considerada um mineral, mas, na realidade, é composta por uma mistura de cristobalita e/ou tridimita ou por sílica amorfa.*Alfredo Costa (IFRS)*https://museuhe.com.br/mineral/opala-opal/*https://didatico.igc.usp.br/minerais/silicatos/tectossilicatos/opala/*https://www.ufrgs.br/minmicro/Opala.pdf*https://pt.wikipedia.org/wiki/Opala*-@Opala var. branca*Silicato.*Tectossilicato.*SiO₂.n(H₂O)*Opala.*Variedades da opala: Opala-CT (contém os minerais cristobalita e tridimita), Opala-C (contém o mineral cristobalita), Opala-AG (também conhecida como opala preciosa, reflete a luz e possui esferas de sílica envoltas por água) e Opala-AN (opala transparente e amorfa).*Sem clivagem.*5,5 - 6,5*Conchoidal.*1,90g/cm³ a 2,30g/cm³*Quebradiço.*Opaco.*Branco.*Fosco ou vítreo.*Branco.*Maciço ou pseudomórfica sobre minerais variados.*Usos espirituais e religiosos;  
Fabricação de adereços: utilizada em colares, brincos, anéis e pulseiras.*Fluorescência em cores verdes, amarelas e brancas é relativamente comum em opalas, sob luz UV de ondas curtas e longas.*-*Por razões históricas, a opala ainda é considerada um mineral, mas, na realidade, é composta por uma mistura de cristobalita e/ou tridimita ou por sílica amorfa.*Lisangela Cunegatto Machado (estudante do IFRS)*https://museuhe.com.br/mineral/opala-opal/*https://didatico.igc.usp.br/minerais/silicatos/tectossilicatos/opala/*https://www.ufrgs.br/minmicro/Opala.pdf*https://pt.wikipedia.org/wiki/Opala*-@Pirita*Sulfetos.*Grupo da Pirita.*FeS₂*Ouro de tolo e dissulfeto de ferro.*-*Uma direção de clivagem indistinta, muito difícil de ver.*6,0 - 6,5*Conchoidal, irregular.*5,01g/cm³ a 5,02g/cm³*Friável, quebradiço.*Opaco.*Preto esverdeado ou preto amarronzado.*Metálico.*Preto, amarelo claro, amarelo latão.*Cristais cúbicos, maciço, granular, reniforme, globular ou estalactítica.*Usos espirituais e religiosos;  
Indústria de base: fonte de enxofre e ferro;  
Joalheria: vendida como gema (marcassita);  
Indústria química: fabricação de ácido sulfúrico.*Completamente solúvel em ácido nítrico concentrado (HNO₃), com efervescência, formando solução amarela e separação de enxofre; paramagnético; escala de fusibilidade de 2,5.*Isométrico.*"O nome pirita é derivado do grego πυρίτης λίθος (pyritēs lithos), ""mineral que acende fogo""."*Frank Heinrich (UFRGS)*https://museuhe.com.br/mineral/pirita-pyrite/*https://didatico.igc.usp.br/minerais/sulfetos/pirita/*https://www.ufrgs.br/minmicro/Pirita.pdf*https://en.wikipedia.org/wiki/Pyrite*-@Pirita em matriz de granito*Sulfetos.*Grupo da Pirita.*FeS₂*Ouro de tolo e dissulfeto de ferro.*-*Uma direção de clivagem indistinta, muito difícil de ver.*6,0 - 6,5*Conchoidal, irregular.*5,01g/cm³ a 5,02g/cm³*Friável, quebradiço.*Opaco.*Preto esverdeado ou preto amarronzado.*Metálico.*Preto, amarelo claro, amarelo latão.*Cristais cúbicos, maciço, granular, reniforme, globular ou estalactítica.*Usos espirituais e religiosos;  
Indústria de base: fonte de enxofre e ferro;  
Joalheria: vendida como gema (marcassita);  
Indústria química: fabricação de ácido sulfúrico.*Completamente solúvel em ácido nítrico concentrado (HNO₃), com efervescência, formando solução amarela e separação de enxofre; paramagnético; escala de fusibilidade de 2,5.*Isométrico.*"O nome pirita é derivado do grego πυρίτης λίθος (pyritēs lithos), ""mineral que acende fogo""."*Frank Heinrich (UFRGS)*https://museuhe.com.br/mineral/pirita-pyrite/*https://didatico.igc.usp.br/minerais/sulfetos/pirita/*https://www.ufrgs.br/minmicro/Pirita.pdf*https://en.wikipedia.org/wiki/Pyrite*-@Pirolusita*Óxidos.*Grupo do Rutilo.*MnO₂*Manganês, dióxido de manganês.*-*Uma direção de clivagem perfeita.*6,0 - 6,5*Irregular.*4,70g/cm³ a 5,19g/cm³*Frágil.*Transparente.*Preto ou preto azulado.*Metálico.*Cinza escuro, preto, cinza aço.*Maciço, pulverulento, granular, colunar, reniforme, botrioidal, concrescionário, capilar ou dendrítico.
*Indústria de base: fonte de manganês;  
Indústria elétrica: fabricação de baterias;  
Indústria química: desinfetantes;  
Indústria metalúrgica: fabricação de aço e outras ligas.*Solúvel em ácido clorídrico (HCl) com efervescência (desprendimento de Cl₂), formando solução esverdeada.*Tetragonal.*Algumas das primeiras pinturas rupestres mais famosas da Europa foram feitas com pirolusita.*Mardel Amaral Junior*https://museuhe.com.br/mineral/pirolusita-pyrolusite/*-*https://www.ufrgs.br/minmicro/Pirolusita.pdf*https://en.wikipedia.org/wiki/Pyrolusite*@Prehnita*Silicatos.*Filossilicato.*Ca₂(Al,Fe)Al₂Si₃O₁₀(OH)₂*-*Variedades de prehnita: patricianita (variação rosa) e outras variações que são indicadas apenas pela cor, sem nomes especiais.*Duas direções de clivagem: uma boa e uma fraca.*6,0 – 6,5*Irregular.*2,80g/cm³ a 2,95g/cm³*Quebradiço.*Opaco, transparente.*Branco.*Vítreo ou perláceo.*Incolor, cinza, amarelo, verde-amarelado, branco.*Cristais são raros, geralmente agregados em leque, reniformes, globulares, granular ou estalagtítica.*Usos espirituais e religiosos;  
Joalheria e decoração: fabricação de adereços e enfeites.*Solúvel em ácido clorídrico (HCl).*Ortorrômbico.*A prehnita foi um dos primeiros minerais a receber o nome de uma pessoa histórica, sendo nomeada em homenagem ao coronel holandês Hendrik von Prehn.*Lisangela Cunegatto Machado (estudante do IFRS)*https://museuhe.com.br/mineral/prehnita-prehnite//*- *https://www.ufrgs.br/minmicro/Prehnita.pdf*https://en.wikipedia.org/wiki/Prehnite*https://www.mindat.org/min-3277.html@Quartzo*Silicatos.*Tectossilicato.*SiO₂*Cristal.*Variedades do quartzo: ametista, quartzo rosa, quartzo azul, quartzo verde, citrino, quartzo leitoso, quartzo fumê, calcedônia, ágata, jaspe, olho de tigre, cornalina, crisoprasio e ônix.*Sem clivagem pode apresentar clivagem muito ruim, raramente observável.*7*Conchoidal.*2,65g/cm³*Quebradiço.*Opaco, transparente.*Branco.*Fosco, vítreo ou graxo.*Azul, marrom, branco, amarelo, incolor, cinza, preto, púrpura.*        Maciça em diferentes granulações, cristais prismáticos ou compacto.*Construção civil: produção de concreto;  
Indústria cerâmica: produção de louças e tijolos refratários;  
Vidreira: produção de vidros;  
Indústria metalúrgica: produção de ferro-silício, importante liga metálica;  
Eletrônica: fabricação de osciladores que contribuem para a precisão dos aparelhos eletrônicos;  
Óptica: fabricação de lentes e prismas;  
Semicondutores: fabricação de microchips;  
Joalheria e decoração: fabricação de adereços e enfeites.*Solúvel em ácido fluorídrico (HF).*Romboédrica.*A ideia de que o quartzo seria gelo que permaneceu congelado por muito tempo foi proposta por um naturalista romano. Essa crença surgiu porque o mineral era encontrado nos Alpes, mas não próximo a vulcões.*Frank Heinrich (UFRGS)*https://museuhe.com.br/mineral/quartzo-quartz/*https://didatico.igc.usp.br/minerais/silicatos/tectossilicatos/quartzo-3/*https://www.ufrgs.br/minmicro/Quartzo.pdf*https://en.wikipedia.org/wiki/Quartz*-@Quartzo var. laranja*Silicatos.*Tectossilicato.*SiO₂ *Cristal, quartzo tangerina.*Variedades do quartzo: ametista, quartzo rosa, quartzo azul, quartzo verde, citrino, quartzo leitoso, quartzo fumê, calcedônia, ágata, jaspe, olho de tigre, cornalina, crisoprasio e ônix.*Sem clivagem pode apresentar clivagem muito ruim, raramente observável.*7*Conchoidal.*2,65g/cm³*Quebradiço.*Opaco, transparente.*Branco.*Fosco, vítreo ou graxo.*Laranja.*        Maciça em diferentes granulações, cristais prismáticos ou compacto.*Usos espirituais e religiosos;  
Fabricação de adereços: utilizada em colares, brincos, anéis e pulseiras;  
Aplicação ornamental: itens decorativos.*Solúvel em ácido fluorídrico (HF).*Romboédrica.*Visualmente semelhante à calcita laranja, porém o quartzo pode ser facilmente diferenciado pela dureza em um teste com vidro: o quartzo risca o vidro, enquanto a calcita não.*Lisangela Cunegatto Machado (estudante do IFRS)*https://museuhe.com.br/mineral/quartzo-quartz/*https://didatico.igc.usp.br/minerais/silicatos/tectossilicatos/quartzo-3/*https://www.ufrgs.br/minmicro/Quartzo.pdf*https://en.wikipedia.org/wiki/Quartz*-@Quartzo var. azul*Silicatos.*Tectossilicato.*SiO₂ *Cristal, quartzo celestial.*Variedades do quartzo: ametista, quartzo rosa, quartzo azul, quartzo verde, citrino, quartzo leitoso, quartzo fumê, calcedônia, ágata, jaspe, olho de tigre, cornalina, crisoprasio e ônix.*Sem clivagem pode apresentar clivagem muito ruim, raramente observável.*7*Conchoidal.*2,65g/cm³*Quebradiço.*Opaco, transparente.*Branco.*Fosco, vítreo ou graxo.*Azul.*        Maciça em diferentes granulações, cristais prismáticos ou compacto.*Usos espirituais e religiosos;  
Fabricação de adereços: utilizada em colares, brincos, anéis e pulseiras;  
Aplicação ornamental: itens decorativos.*Solúvel em ácido fluorídrico (HF).*Romboédrica.*Possui cores que variam do azul marinho aos azuis claros e muitas amostras apresentam mais de um tom.*Lisangela Cunegatto Machado (estudante do IFRS)*https://museuhe.com.br/mineral/quartzo-quartz/*https://didatico.igc.usp.br/minerais/silicatos/tectossilicatos/quartzo-3/*-*https://en.wikipedia.org/wiki/Quartz*-@Quartzo var. fumê*Silicatos.*Tectossilicato.*SiO₂ *Cristal fumê.*Variedades do quartzo: ametista, quartzo rosa, quartzo azul, quartzo verde, citrino, quartzo leitoso, quartzo fumê, calcedônia, ágata, jaspe, olho de tigre, cornalina, crisoprasio e ônix.*Sem clivagem pode apresentar clivagem muito ruim, raramente observável.*7*Conchoidal.*2,65g/cm³*Quebradiço.*Opaco, transparente.*Branco.*Fosco, vítreo ou graxo.*Cinza, preto.*        Maciça em diferentes granulações, cristais prismáticos ou compacto.*Usos espirituais e religiosos;  
Fabricação de adereços: utilizada em colares, brincos, anéis e pulseiras;  
Aplicação ornamental: itens decorativos.*Solúvel em ácido fluorídrico (HF).*Romboédrica.*Na China, no século XII, eram feitos óculos de sol de quartzo fumê.*Lisangela Cunegatto Machado (estudante do IFRS)*https://museuhe.com.br/mineral/quartzo-quartz/*https://didatico.igc.usp.br/minerais/silicatos/tectossilicatos/quartzo-3/*https://www.ufrgs.br/minmicro/Quartzo.pdf*https://en.wikipedia.org/wiki/Quartz*-@Quartzo var. leitoso*Silicatos.*Tectossilicato.*SiO₂ *-*Variedades do quartzo: ametista, quartzo rosa, quartzo azul, quartzo verde, citrino, quartzo leitoso, quartzo fumê, calcedônia, ágata, jaspe, olho de tigre, cornalina, crisoprasio e ônix.*Sem clivagem pode apresentar clivagem muito ruim, raramente observável.*7*Conchoidal.*2,65g/cm³*Quebradiço.*Opaco, transparente.*Branco.*Fosco, vítreo ou graxo.*Branco.*        Maciça em diferentes granulações, cristais prismáticos ou compacto.*Usos espirituais e religiosos;  
Fabricação de adereços: utilizada em colares, brincos, anéis e pulseiras;  
Aplicação ornamental: itens decorativos.*Solúvel em ácido fluorídrico (HF).*Romboédrica.*O quartzo leitoso é o tipo de quartzo mais comumente encontrado.*Frank Heinrich (UFRGS)*https://museuhe.com.br/mineral/quartzo-quartz/*https://didatico.igc.usp.br/minerais/silicatos/tectossilicatos/quartzo-3/*https://www.ufrgs.br/minmicro/Quartzo.pdf*https://en.wikipedia.org/wiki/Quartz*@Quartzo var. rosa*Silicatos.*Tectossilicato.*SiO₂ *-*Variedades do quartzo: ametista, quartzo rosa, quartzo azul, quartzo verde, citrino, quartzo leitoso, quartzo fumê, calcedônia, ágata, jaspe, olho de tigre, cornalina, crisoprasio e ônix.*Sem clivagem pode apresentar clivagem muito ruim, raramente observável.*7*Conchoidal.*2,65g/cm³*Quebradiço.*Opaco, transparente.*Branco.*Fosco, vítreo ou graxo.*Rosa.*        Maciça em diferentes granulações, cristais prismáticos ou compacto.*Usos espirituais e religiosos;  
Fabricação de adereços: utilizada em colares, brincos, anéis e pulseiras;  
Aplicação ornamental: itens decorativos.*Solúvel em ácido fluorídrico (HF).*Romboédrica.*O quartzo rosa é associado ao amor desde a Grécia Antiga, devido a um mito em que Eros, um deus associado ao amor, teria trazido o mineral à Terra para proporcionar amor aos humanos.*Frank Heinrich (UFRGS)*https://museuhe.com.br/mineral/quartzo-quartz/*https://didatico.igc.usp.br/minerais/silicatos/tectossilicatos/quartzo-3/*https://www.ufrgs.br/minmicro/Quartzo.pdf*https://en.wikipedia.org/wiki/Quartz*-@Quartzo var. ametista*Silicatos.*Tectossilicato.*SiO₂ *-*Variedades do quartzo: ametista, quartzo rosa, quartzo azul, quartzo verde, citrino, quartzo leitoso, quartzo fumê, calcedônia, ágata, jaspe, olho de tigre, cornalina, crisoprasio e ônix.*Sem clivagem pode apresentar clivagem muito ruim, raramente observável.*7*Conchoidal.*2,65g/cm³*Quebradiço.*Quase opaco, quase transparente.*Branco.*Fosco, vítreo ou graxo.*Roxo.*        Maciça em diferentes granulações, cristais prismáticos ou compacto.*Usos espirituais e religiosos;  
Fabricação de adereços: utilizada em colares, brincos, anéis e pulseiras;  
Aplicação ornamental: itens decorativos.*Solúvel em ácido fluorídrico (HF).*Romboédrica.*Em certo período, a ametista chegou a ter o mesmo valor dos rubis, esmeraldas e safiras.*Frank Heinrich (UFRGS)*https://museuhe.com.br/mineral/quartzo-quartz/*https://didatico.igc.usp.br/minerais/silicatos/tectossilicatos/quartzo-3/*https://www.ufrgs.br/minmicro/Quartzo.pdf*https://en.wikipedia.org/wiki/Amethyst*@Quartzo var. calcedônia crisoprásio*Silicato.*Grupo do Quartzo.*SiO₂ * Crisoprásio, crisópraso, calcedônia crisopráso.*Variedades do quartzo: ametista, quartzo rosa, quartzo azul, quartzo verde, citrino, quartzo leitoso, quartzo fumê, calcedônia, ágata, jaspe, olho de tigre, cornalina, crisoprasio e ônix.*Sem clivagem.*6,0 - 7,0*Conchoidal, granular.*2.65g/cm³ a 2.91g/cm³*Frágil.*Transparente, translúcido.*Branco.*Graxo ou resinoso.*Verde oliva, verde maçã-verde.*Agregados monocristalinos.*Usos espirituais e religiosos;  
Fabricação de adereços: utilizada em colares, brincos, anéis e pulseiras;  
Aplicação ornamental: itens decorativos.*Solúvel em ácido fluorídrico (HF).*Romboédrica.*"O nome ""chrysoprase"" é derivado das palavras gregas ""chrysos"", que significam ouro, e ""prason"", que significa alho-poró."*Lisangela Cunegatto Machado (estudante do IFRS)*https://museuhe.com.br/mineral/calcedonia-chalcedony/*https://didatico.igc.usp.br/minerais/silicatos/tectossilicatos/quartzo-3/*https://www.ufrgs.br/minmicro/Calced%C3%B4nia.pdf*https://en.wikipedia.org/wiki/Chrysoprase*https://pt.geologyscience.com/minerais/minerais-de-silicatos/chrysoprase/@Rodocrosita*Carbonatos.*Grupo da Calcita.*MnCO₃*Rosa Inca.*-*Uma direção de clivagem perfeita.*3,5 - 4,0*Irregular, conchoidal.*3,4 g/cm³ a 3,7 g/cm³*Quebradiço.*Translúcido, opaco.*Branco.*Vítreo ou nacarado.*Amarelo, cinza, rosa, rosa pink, vermelho cereja, marrom canela.*Laminar, colunar, estalagtítico, botrioidal, granular, compacto ou maciço.*Usos espirituais e religiosos;  
Fabricação de adereços: utilizada em colares, brincos, anéis e pulseiras;  
Aplicação ornamental: itens decorativos;
Industria de base: fonte de manganês.*Solúvel em ácido clorídrico (HCl) quente com efervescência, formando solução incolor.*Romboédrica.*A rodocrosita é utilizada principalmente como fonte de minério de manganês, um componente chave em formulações de aço inoxidável de baixo custo e em certas ligas de alumínio.*Lisangela Cunegatto Machado (estudante do IFRS)**-*https://www.ufrgs.br/minmicro/Rhodocrosita.pdf*https://en.wikipedia.org/wiki/Rhodochrosite*@Verdelita*Silicato.*Ciclossilicatos.*(Na,Ca)(Li,Mg,Al)₃(Al,Fe,Mn)₆(BO₃)₃(Si₆O₁₈)(OH)₄*Turmalina.*-*Sem clivagem ou muito fraca.*7,0 - 7,5*Irregular, conchoidal.*2,90g/cm³ a 3,41 g/cm³*Quebradiço.*Translúcido, opaco*Branco acinzentado ou azulado.*Vítreo ou resinoso.*Verde.*Cristais prismáticos estriados na direção do comprimento, compactas ou maciças.*Instrumentos de medida: produção de manômetros (instrumentos que medem a pressão atmosférica ou a de líquidos e gases);  
Indústria audiovisual: produção de microfones;  
Usos espirituais e religiosos;  
Fabricação de adereços: utilizada em colares, brincos, anéis e pulseiras;  
Aplicação ornamental: itens decorativos.*Piroelétrico e piezelétrico.*Romboédrica.*"""Turmalina"" não é um mineral específico, mas um termo genérico que se refere aos membros do Grupo da Turmalina. Este grupo é composto por 33 minerais diferentes, com uma grande variedade composicional."*Lisangela Cunegatto Machado (estudante do IFRS)*https://museuhe.com.br/mineral/turmalina-tourmaline/*https://didatico.igc.usp.br/minerais/silicatos/ciclossilicatos/turmalina/*https://www.ufrgs.br/minmicro/Turmalina.pdf*https://en.wikipedia.org/wiki/Tourmaline*@Shorlita*Silicato.*Ciclossilicatos.*NaFe₃Al₆(Si₆O₁₈)(BO₃)₃(OH)3(OH) *Turmalina, turmalina negra.*-*Sem clivagem ou muito fraca.*7*Irregular, conchoidal.*3,18 g/cm³ a 3,22 g/cm³*Quebradiço.*Translúcido, opaco.*Branco.*Vítreo.*Preto, castanho escuro, azul escuro ou preto azulado.*Cristais prismáticos estriados na direção do comprimento, compactas ou maciças.*Instrumentos de medida: produção de manômetros (instrumentos que medem a pressão atmosférica ou a de líquidos e gases);  
Indústria audiovisual: produção de microfones;  
Usos espirituais e religiosos;  
Fabricação de adereços: utilizada em colares, brincos, anéis e pulseiras;  
Aplicação ornamental: itens decorativos.*Piroelétrico e piezelétrico.*Triclínico.*"A turmalina mais comum é a schorlita, que apresenta uma cor preta em vista macroscópica. No comércio, é conhecida como ""turmalina negra""."*Fabiana Lopes da Silva (IFRS)*https://museuhe.com.br/mineral/schorlita-schorl/*https://didatico.igc.usp.br/minerais/silicatos/ciclossilicatos/turmalina/*https://www.ufrgs.br/minmicro/Turmalina.pdf*https://en.wikipedia.org/wiki/Tourmaline*@Ulexita*Boratos.*Boratos.*NaCaB₅O₆(OH)₆·5(H₂O)*Rocha TV. *-*Três direções de clivagem: uma perfeita, uma boa e uma fraca.*2.5*Irregular, fibrosa.*1,65 g/cm³*Quebradiço.*Opaco, transparente. *Branco.*Acetinado ou vítreo.*Branco, incolor ou cinza.*	Acicular ou fibroso.*Indústria de base: fonte de boro;  
Agricultura: utilizada como fertilizante;  
Indústria vidreira: fabricação de vidros e fibras de vidro;  
Indústria cerâmica: produção de refratários.*Ligeiramente solúvel em água; solúvel em ácido clorídrico (HCl), ácido nítrico (HNO₃) e ácido sulfúrico (H₂SO₄).*Triclínico.*"A ulexita é também conhecida como ""rocha TV"" devido às suas características ópticas incomuns. As fibras de ulexita atuam como fibras ópticas, transmitindo luz ao longo de seus comprimentos por reflexão interna."*Alfredo Costa
 (IFRS)*https://museuhe.com.br/mineral/ulexita-ulexite/*-*https://www.ufrgs.br/minmicro/Ulexita.pdf*https://en.wikipedia.org/wiki/Ulexite*-@